date,open,high,low,close,volume,amount,turn,pct_change,windcode
2023-10-20,25.54,25.66,25.18,25.28,120628.0,,,,601088.SH
2023-10-23,25.3,25.5,25.06,25.43,156822.0,,,0.5933544303797333,601088.SH
2023-10-24,25.38,25.46,24.76,25.09,207498.0,,,-1.337003539127013,601088.SH
2023-10-25,25.38,25.45,24.84,24.86,185999.0,,,-0.9166998804304494,601088.SH
2023-10-26,24.97,25.35,24.73,25.05,152351.0,,,0.7642799678198031,601088.SH
2023-10-27,25.0,25.27,24.83,24.85,132447.0,,,-0.7984031936127733,601088.SH
2023-10-30,24.85,25.05,24.21,24.21,243870.0,,,-2.575452716297788,601088.SH
2023-10-31,24.19,25.0,24.15,24.82,187580.0,,,2.519619991738953,601088.SH
2023-11-01,24.71,24.92,24.35,24.79,153326.0,,,-0.1208702659145855,601088.SH
2023-11-02,25.04,25.25,24.8,24.99,126234.0,,,0.8067769261798974,601088.SH
2023-11-03,25.13,25.43,24.78,24.87,131990.0,,,-0.48019207683072107,601088.SH
2023-11-06,24.82,24.97,23.8,23.98,355037.0,,,-3.578608765581026,601088.SH
2023-11-07,23.83,24.35,23.83,24.15,154619.0,,,0.7089241034195171,601088.SH
2023-11-08,23.98,24.35,23.95,24.26,160418.0,,,0.4554865424430732,601088.SH
2023-11-09,24.37,25.3,24.33,25.22,251514.0,,,3.9571310799670023,601088.SH
2023-11-10,25.19,25.72,24.9,25.6,238880.0,,,1.5067406819984308,601088.SH
2023-11-13,25.64,25.8,25.06,25.43,138750.0,,,-0.6640625000000067,601088.SH
2023-11-14,25.38,25.6,25.05,25.15,113572.0,,,-1.1010617381046028,601088.SH
2023-11-15,25.29,25.43,25.05,25.24,113009.0,,,0.3578528827037797,601088.SH
2023-11-16,25.21,25.37,24.95,25.27,129056.0,,,0.11885895404120106,601088.SH
2023-11-17,25.2,25.41,24.99,25.3,163338.0,,,0.11871784724970524,601088.SH
2023-11-20,25.33,25.34,24.91,25.22,127869.0,,,-0.3162055335968472,601088.SH
2023-11-21,25.28,25.7,25.18,25.21,164153.0,,,-0.03965107057889439,601088.SH
2023-11-22,25.12,25.35,24.98,25.15,113274.0,,,-0.23800079333599067,601088.SH
2023-11-23,25.12,25.53,25.05,25.45,126177.0,,,1.1928429423459175,601088.SH
2023-11-24,25.37,25.82,25.36,25.55,183188.0,,,0.39292730844793233,601088.SH
2023-11-27,25.75,25.91,25.44,25.75,170298.0,,,0.7827788649706457,601088.SH
2023-11-28,25.73,25.74,25.24,25.49,141302.0,,,-1.009708737864079,601088.SH
2023-11-29,25.68,25.77,25.51,25.67,145247.0,,,0.7061592781482995,601088.SH
2023-11-30,25.55,26.0,25.54,25.99,266364.0,,,1.2465913517724747,601088.SH
2023-12-01,25.99,26.23,25.79,26.01,277719.0,,,0.07695267410543494,601088.SH
2023-12-04,25.99,26.32,25.9,26.26,223130.0,,,0.9611687812379754,601088.SH
2023-12-05,26.18,26.38,25.7,25.78,204710.0,,,-1.8278750952018252,601088.SH
2023-12-06,25.76,25.79,25.29,25.54,172709.0,,,-0.9309542280837912,601088.SH
2023-12-07,25.51,25.51,25.06,25.07,211929.0,,,-1.8402505873140074,601088.SH
2023-12-08,25.05,25.44,24.71,25.08,241183.0,,,0.03988831272436766,601088.SH
2023-12-11,24.92,25.73,24.57,25.58,350617.0,,,1.9936204146730363,601088.SH
2023-12-12,25.49,25.75,25.18,25.75,214968.0,,,0.6645817044566238,601088.SH
2023-12-13,25.72,25.72,25.22,25.28,163243.0,,,-1.8252427184465958,601088.SH
2023-12-14,25.38,25.45,24.96,25.19,198822.0,,,-0.35601265822784445,601088.SH
2023-12-15,25.2,25.54,24.9,24.91,242094.0,,,-1.1115522032552616,601088.SH
2023-12-18,24.92,25.41,24.68,25.25,249494.0,,,1.3649136892814218,601088.SH
2023-12-19,25.3,25.5,25.05,25.3,177962.0,,,0.1980198019801982,601088.SH
2023-12-20,25.4,25.85,25.3,25.53,272976.0,,,0.9090909090909038,601088.SH
2023-12-21,25.52,25.68,24.98,25.27,267076.0,,,-1.0184097140618964,601088.SH
2023-12-22,25.32,26.09,25.28,25.88,328978.0,,,2.413929560743955,601088.SH
2023-12-25,25.86,26.32,25.66,26.26,278063.0,,,1.4683153013910433,601088.SH
2023-12-26,26.35,27.02,25.76,25.81,381675.0,,,-1.7136329017517271,601088.SH
2023-12-27,26.0,26.35,25.72,26.15,236256.0,,,1.3173188686555592,601088.SH
2023-12-28,26.15,26.5,25.37,25.72,375382.0,,,-1.6443594646271542,601088.SH
2023-12-29,25.58,26.0,25.51,25.85,257452.0,,,0.5054432348367222,601088.SH
2024-01-02,25.89,27.15,25.87,26.88,421841.0,,,3.984526112185671,601088.SH
2024-01-03,26.87,27.68,26.8,27.48,319788.0,,,2.2321428571428603,601088.SH
2024-01-04,27.51,28.1,27.51,27.93,390508.0,,,1.637554585152845,601088.SH
2024-01-05,27.83,28.3,27.58,27.95,316556.0,,,0.07160759040458764,601088.SH
2024-01-08,27.8,28.31,27.55,28.15,459690.0,,,0.7155635062611854,601088.SH
2024-01-09,28.0,28.65,27.72,28.55,295810.0,,,1.4209591474245276,601088.SH
2024-01-10,28.55,29.0,28.04,28.35,243985.0,,,-0.7005253940455369,601088.SH
2024-01-11,28.35,28.35,27.67,27.75,294634.0,,,-2.1164021164021163,601088.SH
2024-01-12,27.65,28.19,27.56,28.12,211635.0,,,1.333333333333342,601088.SH
2024-01-15,28.0,28.68,27.93,28.54,238396.0,,,1.493598862019918,601088.SH
2024-01-16,28.39,28.97,28.32,28.78,218163.0,,,0.8409250175192673,601088.SH
2024-01-17,28.68,29.16,28.54,28.64,319676.0,,,-0.48644892286310304,601088.SH
2024-01-18,28.64,28.9,27.7,28.57,464669.0,,,-0.24441340782123122,601088.SH
2024-01-19,28.51,28.51,27.31,27.75,602975.0,,,-2.87014350717536,601088.SH
2024-01-22,27.72,27.99,27.15,27.46,381009.0,,,-1.0450450450450455,601088.SH
2024-01-23,27.32,28.3,27.15,28.12,299308.0,,,2.4034959941733325,601088.SH
2024-01-24,28.29,29.2,28.09,29.11,326006.0,,,3.5206258890469355,601088.SH
2024-01-25,29.28,29.89,28.95,29.62,332696.0,,,1.7519752662315424,601088.SH
2024-01-26,29.5,30.46,29.4,30.3,306601.0,,,2.2957461174881733,601088.SH
2024-01-29,30.32,30.53,30.0,30.15,251573.0,,,-0.4950495049505066,601088.SH
2024-01-30,30.2,30.5,29.75,30.26,277176.0,,,0.3648424543946982,601088.SH
2024-01-31,29.89,31.69,29.85,31.62,467373.0,,,4.494382022471899,601088.SH
2024-02-01,31.35,31.45,30.53,30.8,349543.0,,,-2.593295382669203,601088.SH
2024-02-02,30.8,31.8,30.4,31.52,426963.0,,,2.3376623376623273,601088.SH
2024-02-05,31.31,32.63,31.2,32.63,413357.0,,,3.5215736040609125,601088.SH
2024-02-06,32.45,33.1,31.91,32.24,432841.0,,,-1.195219123505975,601088.SH
2024-02-07,32.24,33.16,31.3,33.09,515365.0,,,2.636476426799006,601088.SH
2024-02-08,32.79,32.87,32.03,32.57,362721.0,,,-1.5714717437292358,601088.SH
2024-02-19,32.31,34.45,32.01,34.31,403265.0,,,5.342339576297217,601088.SH
2024-02-20,34.26,34.76,33.78,34.26,309856.0,,,-0.14573010784029172,601088.SH
2024-02-21,34.26,34.53,33.83,34.08,346921.0,,,-0.5253940455341444,601088.SH
2024-02-22,33.87,35.5,33.77,35.33,413161.0,,,3.6678403755868505,601088.SH
2024-02-23,35.4,35.4,34.0,34.35,371054.0,,,-2.7738465893008657,601088.SH
2024-02-26,33.84,34.2,32.92,33.1,501030.0,,,-3.639010189228531,601088.SH
2024-02-27,32.9,33.49,32.72,33.08,302430.0,,,-0.06042296072508169,601088.SH
2024-02-28,32.97,33.72,32.35,33.5,489286.0,,,1.2696493349455995,601088.SH
2024-02-29,33.1,33.38,32.72,33.1,375728.0,,,-1.1940298507462699,601088.SH
2024-03-01,32.85,33.44,32.58,32.88,320515.0,,,-0.6646525679758319,601088.SH
2024-03-04,32.7,33.6,32.53,33.49,421372.0,,,1.855231143552305,601088.SH
2024-03-05,33.46,34.28,33.3,34.05,383843.0,,,1.6721409375932916,601088.SH
2024-03-06,34.05,34.88,33.66,33.92,369008.0,,,-0.38179148311305866,601088.SH
2024-03-07,33.78,34.65,33.7,34.59,314943.0,,,1.9752358490566113,601088.SH
2024-03-08,34.43,34.59,33.66,34.25,308095.0,,,-0.9829430471234524,601088.SH
2024-03-11,34.0,34.16,32.8,33.2,402880.0,,,-3.065693430656924,601088.SH
2024-03-12,33.0,33.1,31.42,31.68,659977.0,,,-4.578313253012056,601088.SH
2024-03-13,31.66,31.67,30.89,31.57,356282.0,,,-0.347222222222221,601088.SH
2024-03-14,31.49,32.03,31.0,31.92,337229.0,,,1.1086474501108778,601088.SH
2024-03-15,31.75,31.9,30.72,31.81,447787.0,,,-0.3446115288220697,601088.SH
2024-03-18,31.35,31.44,30.88,31.26,386241.0,,,-1.7290160326941084,601088.SH
2024-03-19,31.11,32.6,31.03,31.83,373386.0,,,1.8234165067178454,601088.SH
2024-03-20,31.75,32.56,31.36,31.99,286739.0,,,0.5026704366949408,601088.SH
2024-03-21,31.9,32.53,31.4,32.17,306204.0,,,0.5626758361988227,601088.SH
2024-03-22,32.17,32.59,31.83,32.44,332651.0,,,0.839291265153852,601088.SH
2024-03-25,31.7,33.65,31.52,33.01,511605.0,,,1.7570900123304645,601088.SH
2024-03-26,33.49,33.5,32.03,32.53,385548.0,,,-1.4541048167222015,601088.SH
2024-03-27,32.67,33.7,32.56,33.34,325940.0,,,2.490009222256395,601088.SH
2024-03-28,33.4,33.64,32.86,33.14,349917.0,,,-0.599880023995214,601088.SH
2024-03-29,33.06,33.94,32.91,33.59,239467.0,,,1.3578756789378588,601088.SH
2024-04-01,33.6,33.61,32.5,32.88,384108.0,,,-2.1137243227150937,601088.SH
2024-04-02,32.87,33.63,32.71,33.55,326976.0,,,2.0377128953771084,601088.SH
2024-04-03,33.55,34.25,33.38,34.09,277953.0,,,1.6095380029806483,601088.SH
2024-04-08,33.86,34.5,33.38,34.08,230255.0,,,-0.029334115576429287,601088.SH
2024-04-09,34.23,34.56,33.69,34.19,196738.0,,,0.32276995305164924,601088.SH
2024-04-10,34.18,35.08,34.15,34.63,300025.0,,,1.2869260017549067,601088.SH
2024-04-11,34.5,34.98,34.1,34.5,194696.0,,,-0.3753970545769647,601088.SH
2024-04-12,34.4,34.58,33.99,34.23,215253.0,,,-0.7826086956521872,601088.SH
2024-04-15,34.2,35.74,34.17,35.55,330128.0,,,3.856266432953559,601088.SH
2024-04-16,35.55,36.69,35.37,36.2,392469.0,,,1.8284106891701901,601088.SH
2024-04-17,36.1,36.49,35.39,36.4,250158.0,,,0.5524861878452914,601088.SH
2024-04-18,36.11,36.9,35.57,35.86,265298.0,,,-1.4835164835164782,601088.SH
2024-04-19,35.58,36.7,35.55,36.39,261547.0,,,1.477969882877872,601088.SH
2024-04-22,36.38,37.07,34.74,34.8,322489.0,,,-4.369332234130264,601088.SH
2024-04-23,34.41,34.99,33.51,34.4,278564.0,,,-1.1494252873563204,601088.SH
2024-04-24,34.8,34.95,33.88,34.3,225630.0,,,-0.29069767441860517,601088.SH
2024-04-25,34.22,34.8,33.95,34.46,202360.0,,,0.4664723032069995,601088.SH
2024-04-26,34.25,34.62,34.0,34.05,283378.0,,,-1.1897852582704704,601088.SH
2024-04-29,33.98,33.98,33.11,33.5,417813.0,,,-1.615271659324513,601088.SH
2024-04-30,33.5,34.51,33.41,34.33,297387.0,,,2.4776119402984964,601088.SH
2024-05-06,34.19,34.23,33.3,34.05,337799.0,,,-0.815613166326834,601088.SH
2024-05-07,33.99,34.49,33.9,34.43,220474.0,,,1.1160058737151424,601088.SH
2024-05-08,34.51,35.95,34.51,35.65,381938.0,,,3.543421434795224,601088.SH
2024-05-09,35.49,35.8,35.11,35.35,265292.0,,,-0.8415147265077083,601088.SH
2024-05-10,35.34,35.7,35.16,35.47,227031.0,,,0.3394625176803334,601088.SH
2024-05-13,35.26,35.46,34.45,35.28,218476.0,,,-0.5356639413588882,601088.SH
2024-05-14,35.11,35.23,34.15,34.77,264670.0,,,-1.4455782312925103,601088.SH
2024-05-15,34.5,34.83,34.35,34.67,144426.0,,,-0.2876042565430059,601088.SH
2024-05-16,34.67,34.72,34.05,34.1,212605.0,,,-1.6440726853187204,601088.SH
2024-05-17,34.03,34.42,33.9,34.39,208106.0,,,0.8504398826979509,601088.SH
2024-05-20,34.4,35.62,34.36,35.43,271945.0,,,3.0241349229427117,601088.SH
2024-05-21,35.38,36.5,35.14,36.47,294031.0,,,2.9353655094552566,601088.SH
2024-05-22,36.4,37.02,36.16,36.24,242711.0,,,-0.6306553331505316,601088.SH
2024-05-23,36.21,36.63,35.92,36.5,167528.0,,,0.717439293598221,601088.SH
2024-05-24,36.58,36.7,35.8,35.81,165860.0,,,-1.8904109589040985,601088.SH
2024-05-27,36.09,37.52,36.02,36.5,256860.0,,,1.926836079307459,601088.SH
2024-05-28,36.51,37.91,36.44,37.4,237927.0,,,2.465753424657535,601088.SH
2024-05-29,37.4,38.15,37.1,37.95,216035.0,,,1.4705882352941346,601088.SH
2024-05-30,37.61,38.36,37.2,37.59,233327.0,,,-0.9486166007905084,601088.SH
2024-05-31,37.76,37.9,36.83,36.83,200583.0,,,-2.021814312317116,601088.SH
2024-06-03,37.2,38.08,37.12,37.84,265775.0,,,2.7423296225902893,601088.SH
2024-06-04,37.72,37.76,36.83,36.84,330730.0,,,-2.6427061310782207,601088.SH
2024-06-05,36.81,37.9,36.7,37.25,265646.0,,,1.1129207383278938,601088.SH
2024-06-06,37.27,39.26,37.27,38.66,326510.0,,,3.7852348993288487,601088.SH
2024-06-07,38.71,38.89,38.35,38.65,221466.0,,,-0.02586652871183759,601088.SH
2024-06-11,38.66,39.02,37.61,37.94,243602.0,,,-1.8369987063389437,601088.SH
2024-06-12,37.73,39.35,37.51,39.15,264726.0,,,3.189246178176064,601088.SH
2024-06-13,39.0,39.48,38.67,39.08,182268.0,,,-0.1787994891443212,601088.SH
2024-06-14,38.95,39.62,38.5,38.85,281660.0,,,-0.58853633572159,601088.SH
2024-06-17,38.72,38.97,37.8,38.04,275475.0,,,-2.0849420849420874,601088.SH
2024-06-18,38.02,38.23,37.3,38.07,169465.0,,,0.07886435331230235,601088.SH
2024-06-19,37.9,38.62,37.67,37.94,234647.0,,,-0.3414762280010586,601088.SH
2024-06-20,37.91,39.33,37.69,39.13,357049.0,,,3.136531365313666,601088.SH
2024-06-21,38.91,39.18,38.26,38.61,198663.0,,,-1.3289036544850585,601088.SH
2024-06-24,38.79,39.1,38.41,38.75,201107.0,,,0.36260036260036266,601088.SH
2024-06-25,38.84,38.86,38.17,38.43,180148.0,,,-0.8258064516129093,601088.SH
2024-06-26,38.32,38.65,37.55,38.25,188638.0,,,-0.4683840749414525,601088.SH
2024-06-27,38.07,38.49,37.67,38.0,250690.0,,,-0.6535947712418277,601088.SH
2024-06-28,37.73,39.13,37.7,38.87,221058.0,,,2.28947368421053,601088.SH
2024-07-01,38.91,40.46,38.9,39.78,209954.0,,,2.34113712374584,601088.SH
2024-07-02,39.8,40.38,39.26,40.3,226740.0,,,1.3071895424836555,601088.SH
2024-07-03,40.1,40.52,39.42,39.75,201696.0,,,-1.3647642679900707,601088.SH
2024-07-04,39.74,40.28,39.74,39.9,160590.0,,,0.37735849056603765,601088.SH
2024-07-05,39.9,40.18,38.59,39.6,274057.0,,,-0.7518796992481147,601088.SH
2024-07-08,39.56,40.39,39.06,40.14,256615.0,,,1.3636363636363669,601088.SH
2024-07-09,40.06,40.31,39.47,40.16,237948.0,,,0.04982561036370736,601088.SH
2024-07-10,39.85,39.96,37.94,38.47,479604.0,,,-4.2081673306772815,601088.SH
2024-07-11,38.09,38.87,37.63,38.44,340069.0,,,-0.07798284377437126,601088.SH
2024-07-12,38.29,38.79,37.67,37.97,240981.0,,,-1.2226847034339183,601088.SH
2024-07-15,37.76,39.2,37.56,39.15,248250.0,,,3.1077166183829386,601088.SH
2024-07-16,39.01,39.36,38.65,39.17,200503.0,,,0.05108556832695843,601088.SH
2024-07-17,39.14,39.33,38.2,38.48,219835.0,,,-1.761552208322703,601088.SH
2024-07-18,38.66,38.89,38.25,38.81,172059.0,,,0.8575883575883791,601088.SH
2024-07-19,38.79,38.93,38.24,38.73,223182.0,,,-0.20613244009277665,601088.SH
2024-07-22,38.49,38.67,36.66,38.49,395104.0,,,-0.6196746707978207,601088.SH
2024-07-23,38.26,38.61,37.66,37.82,180917.0,,,-1.7407118732138294,601088.SH
2024-07-24,37.72,38.71,37.56,38.52,182274.0,,,1.8508725542041304,601088.SH
2024-07-25,38.48,38.48,37.44,38.01,212565.0,,,-1.3239875389408184,601088.SH
2024-07-26,38.01,38.16,37.22,37.56,181751.0,,,-1.1838989739542116,601088.SH
2024-07-29,37.34,37.87,37.21,37.6,138376.0,,,0.10649627263046302,601088.SH
2024-07-30,37.44,37.52,36.28,36.56,222957.0,,,-2.765957446808509,601088.SH
2024-07-31,36.57,37.01,36.17,36.51,252128.0,,,-0.1367614879649981,601088.SH
2024-08-01,36.75,37.08,36.02,36.17,211508.0,,,-0.9312517118597596,601088.SH
2024-08-02,35.96,36.05,35.27,35.87,169024.0,,,-0.8294166436273231,601088.SH
2024-08-05,35.61,35.62,34.99,35.23,220318.0,,,-1.7842207973236657,601088.SH
2024-08-06,35.27,35.46,34.65,34.91,190758.0,,,-0.9083167754754484,601088.SH
2024-08-07,34.91,36.15,34.77,35.64,210320.0,,,2.0910913778287243,601088.SH
2024-08-08,35.76,36.24,35.62,35.65,145630.0,,,0.02805836139168072,601088.SH
2024-08-09,35.56,36.06,35.26,35.81,111245.0,,,0.4488078541374563,601088.SH
2024-08-12,35.58,36.41,35.39,36.06,130940.0,,,0.6981290142418217,601088.SH
2024-08-13,36.06,36.48,35.58,35.84,121937.0,,,-0.6100942872989457,601088.SH
2024-08-14,35.76,36.16,35.29,35.89,89491.0,,,0.13950892857141906,601088.SH
2024-08-15,35.76,37.14,35.71,36.95,234366.0,,,2.9534689328503783,601088.SH
2024-08-16,36.95,37.4,36.83,37.29,137140.0,,,0.9201623815967341,601088.SH
2024-08-19,37.29,37.97,37.02,37.11,136253.0,,,-0.48270313757039496,601088.SH
2024-08-20,37.12,37.21,36.2,36.45,140468.0,,,-1.7784963621665262,601088.SH
2024-08-21,36.6,36.84,35.86,36.53,129766.0,,,0.21947873799725848,601088.SH
2024-08-22,36.53,36.83,36.27,36.69,106754.0,,,0.43799616753352755,601088.SH
2024-08-23,36.57,37.75,36.52,37.04,132912.0,,,0.9539384028345532,601088.SH
2024-08-26,37.11,37.31,36.57,37.11,119887.0,,,0.18898488120950852,601088.SH
2024-08-27,37.1,38.55,36.91,38.46,217915.0,,,3.637833468067919,601088.SH
2024-08-28,38.29,38.94,37.81,38.17,158142.0,,,-0.7540301612064426,601088.SH
2024-08-29,38.14,38.26,37.22,37.51,126864.0,,,-1.729106628242083,601088.SH
2024-08-30,37.27,37.79,36.53,37.31,215265.0,,,-0.5331911490269126,601088.SH
2024-09-02,37.27,38.25,36.84,37.84,211244.0,,,1.4205306888233737,601088.SH
2024-09-03,37.84,38.51,36.56,36.94,190063.0,,,-2.378435517970412,601088.SH
2024-09-04,36.76,36.96,36.31,36.42,132628.0,,,-1.4076881429344823,601088.SH
2024-09-05,36.39,36.82,35.37,35.48,252778.0,,,-2.5809994508511958,601088.SH
2024-09-06,35.46,35.79,34.79,34.8,169405.0,,,-1.916572717023679,601088.SH
2024-09-09,34.76,34.8,33.38,33.98,262540.0,,,-2.3563218390804663,601088.SH
2024-09-10,33.96,34.99,33.93,34.25,186155.0,,,0.7945850500294283,601088.SH
2024-09-11,33.96,34.04,32.71,33.5,242707.0,,,-2.1897810218978075,601088.SH
2024-09-12,33.69,34.59,33.35,34.37,242603.0,,,2.59701492537312,601088.SH
2024-09-13,34.26,34.95,34.26,34.61,145765.0,,,0.6982833866744365,601088.SH
2024-09-18,34.38,35.56,34.38,35.0,133429.0,,,1.1268419531927254,601088.SH
2024-09-19,35.2,35.2,33.81,34.76,232973.0,,,-0.6857142857142895,601088.SH
2024-09-20,34.71,35.44,34.59,35.26,216328.0,,,1.43843498273879,601088.SH
2024-09-23,35.09,36.25,34.97,35.86,163078.0,,,1.7016449234259934,601088.SH
2024-09-24,36.46,37.95,36.01,37.94,341698.0,,,5.800334634690452,601088.SH
2024-09-25,38.76,39.66,38.15,38.54,296897.0,,,1.5814443858724436,601088.SH
2024-09-26,38.76,39.53,38.29,39.49,281726.0,,,2.464971458225218,601088.SH
2024-09-27,40.27,40.27,38.26,38.57,244527.0,,,-2.329703722461385,601088.SH
2024-09-30,39.08,41.73,37.96,40.36,959338.0,,,4.640912626393567,601088.SH
2024-10-08,43.86,44.26,37.53,39.2,1184684.0,,,-2.874132804757179,601088.SH
2024-10-09,38.68,39.29,37.08,37.11,581658.0,,,-5.331632653061236,601088.SH
2024-10-10,37.26,40.52,37.26,39.71,755400.0,,,7.006197790353008,601088.SH
2024-10-11,39.91,40.81,38.76,39.36,514446.0,,,-0.88139007806598,601088.SH
2024-10-14,39.16,40.31,38.68,39.43,349670.0,,,0.17784552845527823,601088.SH
2024-10-15,39.4,39.74,38.57,38.57,267214.0,,,-2.1810803956378355,601088.SH
2024-10-16,38.44,38.89,38.03,38.29,210124.0,,,-0.7259528130671544,601088.SH
2024-10-17,38.34,39.23,37.73,37.75,217664.0,,,-1.410289892922434,601088.SH
2024-10-18,37.81,39.16,37.62,38.74,363281.0,,,2.622516556291399,601088.SH
2024-10-21,38.68,39.21,37.86,38.08,349041.0,,,-1.7036654620547376,601088.SH
2024-10-22,38.09,38.43,37.8,38.2,252865.0,,,0.31512605042018915,601088.SH
2024-10-23,38.14,38.4,37.64,37.81,290194.0,,,-1.020942408376968,601088.SH
2024-10-24,37.81,38.22,37.52,38.05,228104.0,,,0.6347527109230144,601088.SH
2024-10-25,38.05,38.13,37.57,37.69,191066.0,,,-0.9461235216819963,601088.SH
2024-10-28,38.1,38.76,37.62,37.86,355493.0,,,0.451048023348366,601088.SH
2024-10-29,37.79,38.13,37.35,37.74,276754.0,,,-0.31695721077653616,601088.SH
2024-10-30,37.64,37.98,36.87,37.2,241958.0,,,-1.4308426073131986,601088.SH
2024-10-31,37.07,37.29,36.26,36.8,264521.0,,,-1.0752688172043112,601088.SH
2024-11-01,36.79,38.2,36.79,37.83,357442.0,,,2.798913043478257,601088.SH
2024-11-04,37.88,37.92,37.06,37.51,242673.0,,,-0.8458895056833171,601088.SH
2024-11-05,37.41,37.81,37.19,37.79,232380.0,,,0.746467608637702,601088.SH
2024-11-06,37.81,38.24,37.0,37.09,336105.0,,,-1.85234188938872,601088.SH
2024-11-07,37.09,37.59,36.88,37.57,299158.0,,,1.2941493664060388,601088.SH
2024-11-08,37.57,38.14,36.63,36.95,401891.0,,,-1.6502528613255185,601088.SH
2024-11-11,36.45,36.56,35.79,36.14,338166.0,,,-2.1921515561569738,601088.SH
2024-11-12,35.98,36.42,35.64,35.67,357723.0,,,-1.3004980630879848,601088.SH
2024-11-13,35.53,36.66,35.43,36.13,357783.0,,,1.289599102887573,601088.SH
2024-11-14,35.87,36.86,35.69,36.37,331770.0,,,0.6642679213949565,601088.SH
2024-11-15,36.34,37.16,35.96,36.9,413475.0,,,1.4572449821281364,601088.SH
2024-11-18,36.75,38.26,36.69,38.19,572251.0,,,3.495934959349589,601088.SH
2024-11-19,38.19,38.4,37.42,37.87,349897.0,,,-0.8379156847342251,601088.SH
2024-11-20,37.61,38.0,37.56,37.8,221818.0,,,-0.1848428835489857,601088.SH
2024-11-21,37.72,38.32,37.66,37.95,202641.0,,,0.3968253968254176,601088.SH
2024-11-22,37.95,38.08,36.56,36.56,273446.0,,,-3.662714097496711,601088.SH
2024-11-25,36.94,37.13,36.26,36.87,237382.0,,,0.8479212253829083,601088.SH
2024-11-26,36.39,36.88,35.91,36.56,189375.0,,,-0.8407919717927759,601088.SH
2024-11-27,36.57,37.43,36.41,37.36,252597.0,,,2.188183807439814,601088.SH
2024-11-28,37.35,37.5,36.94,37.03,157280.0,,,-0.8832976445396046,601088.SH
2024-11-29,37.24,37.34,36.66,36.72,186744.0,,,-0.8371590602214485,601088.SH
2024-12-02,36.56,36.68,35.86,36.37,371897.0,,,-0.9531590413943358,601088.SH
2024-12-03,36.26,37.0,36.17,36.99,268668.0,,,1.7047016772065104,601088.SH
2024-12-04,36.74,39.06,36.66,38.86,583117.0,,,5.055420383887532,601088.SH
2024-12-05,38.75,39.01,38.43,38.68,239114.0,,,-0.46320123520329215,601088.SH
2024-12-06,38.73,39.44,38.66,39.1,265694.0,,,1.085832471561532,601088.SH
2024-12-09,38.66,39.74,38.27,39.26,245034.0,,,0.4092071611253134,601088.SH
2024-12-10,40.17,40.42,38.87,39.3,349047.0,,,0.10188487009679115,601088.SH
2024-12-11,39.3,40.16,39.19,40.14,290901.0,,,2.1374045801526798,601088.SH
2024-12-12,40.03,40.16,39.28,39.87,259012.0,,,-0.672645739910327,601088.SH
2024-12-13,39.72,39.89,39.1,39.36,431696.0,,,-1.2791572610985624,601088.SH
2024-12-16,39.11,40.35,39.11,40.21,367968.0,,,2.1595528455284674,601088.SH
2024-12-17,40.09,40.96,39.48,39.56,293785.0,,,-1.6165133051479708,601088.SH
2024-12-18,39.94,40.61,39.69,39.82,282466.0,,,0.6572295247724957,601088.SH
2024-12-19,39.48,40.11,39.26,39.37,172714.0,,,-1.1300853842290404,601088.SH
2024-12-20,39.36,39.48,37.81,38.1,401080.0,,,-3.2258064516128893,601088.SH
2024-12-23,37.96,38.93,37.74,38.54,334907.0,,,1.1548556430446055,601088.SH
2024-12-24,38.46,38.74,37.92,38.5,195970.0,,,-0.10378827192526474,601088.SH
2024-12-25,38.58,40.02,38.5,39.66,283469.0,,,3.0129870129870007,601088.SH
2024-12-26,39.44,39.85,38.86,38.89,221777.0,,,-1.9415027735753765,601088.SH
2024-12-27,38.94,39.29,38.44,38.95,186498.0,,,0.15428130624839387,601088.SH
2024-12-30,39.16,40.05,39.16,39.54,217621.0,,,1.5147625160462086,601088.SH
2024-12-31,39.66,40.73,39.46,40.24,358717.0,,,1.7703591299949473,601088.SH
2025-01-02,40.1,40.75,39.06,39.35,303614.0,,,-2.2117296222664007,601088.SH
2025-01-03,39.68,39.77,38.73,38.83,240857.0,,,-1.3214739517153795,601088.SH
2025-01-06,38.96,39.09,38.18,38.57,215897.0,,,-0.6695853721349398,601088.SH
2025-01-07,38.59,38.68,37.54,37.86,218459.0,,,-1.8408089188488463,601088.SH
2025-01-08,37.71,38.31,37.26,37.64,284577.0,,,-0.5810882197569978,601088.SH
2025-01-09,37.26,37.42,36.26,36.33,404247.0,,,-3.4803400637619664,601088.SH
2025-01-10,36.26,36.69,35.66,35.94,284883.0,,,-1.073492981007429,601088.SH
2025-01-13,35.99,36.27,35.52,35.65,243307.0,,,-0.8069003895381122,601088.SH
2025-01-14,35.96,36.08,35.45,36.08,308139.0,,,1.2061711079943915,601088.SH
2025-01-15,35.94,36.69,35.72,35.97,296397.0,,,-0.3048780487804881,601088.SH
2025-01-16,36.11,36.68,35.81,36.46,310889.0,,,1.36224631637476,601088.SH
2025-01-17,36.44,36.82,36.23,36.37,251202.0,,,-0.24684585847505325,601088.SH
2025-01-20,36.46,36.46,35.46,35.5,358526.0,,,-2.392081385757483,601088.SH
2025-01-21,35.54,35.64,34.86,34.97,254690.0,,,-1.4929577464788735,601088.SH
2025-01-22,35.25,35.26,34.67,34.85,237790.0,,,-0.3431512725192931,601088.SH
2025-01-23,35.11,35.74,34.93,35.17,254596.0,,,0.9182209469153602,601088.SH
2025-01-24,35.38,36.16,34.96,35.84,362081.0,,,1.9050326983224286,601088.SH
2025-01-27,35.86,36.86,35.85,36.76,294570.0,,,2.5669642857142794,601088.SH
2025-02-05,36.76,36.76,35.17,35.58,340451.0,,,-3.210010881392822,601088.SH
2025-02-06,35.58,35.71,35.17,35.71,218669.0,,,0.36537380550871745,601088.SH
2025-02-07,35.56,35.73,35.27,35.65,266592.0,,,-0.16802016241950213,601088.SH
2025-02-10,35.46,35.61,35.22,35.35,238162.0,,,-0.8415147265077083,601088.SH
2025-02-11,35.3,35.73,35.14,35.31,243556.0,,,-0.11315417256011484,601088.SH
2025-02-12,35.32,35.32,34.79,34.98,306603.0,,,-0.9345794392523477,601088.SH
2025-02-13,35.0,35.21,34.78,34.87,297500.0,,,-0.3144654088050314,601088.SH
2025-02-14,34.93,34.97,34.68,34.89,281874.0,,,0.05735589331805624,601088.SH
2025-02-17,34.86,34.86,33.88,34.04,607599.0,,,-2.436228145600461,601088.SH
2025-02-18,33.76,34.05,33.26,33.37,561347.0,,,-1.9682726204465428,601088.SH
2025-02-19,33.38,33.39,32.78,32.86,451298.0,,,-1.5283188492657973,601088.SH
2025-02-20,32.76,33.06,32.49,32.97,348442.0,,,0.3347534996956725,601088.SH
2025-02-21,32.93,33.0,32.04,32.14,624510.0,,,-2.5174400970579214,601088.SH
2025-02-24,31.84,32.86,31.54,32.52,648935.0,,,1.1823273179838223,601088.SH
2025-02-25,32.29,33.35,32.2,32.39,638887.0,,,-0.39975399753998664,601088.SH
2025-02-26,32.39,32.84,32.09,32.3,330143.0,,,-0.27786353812906395,601088.SH
2025-02-27,32.16,32.64,31.61,32.5,468932.0,,,0.6191950464396356,601088.SH
2025-02-28,32.44,32.64,32.2,32.21,355891.0,,,-0.8923076923076922,601088.SH
2025-03-03,32.34,32.68,32.16,32.3,278621.0,,,0.27941633033219393,601088.SH
2025-03-04,32.16,32.3,31.89,32.11,214580.0,,,-0.588235294117645,601088.SH
2025-03-05,32.02,32.49,31.77,32.49,326331.0,,,1.183431952662728,601088.SH
2025-03-06,32.45,32.45,31.99,32.25,292504.0,,,-0.7386888273314907,601088.SH
2025-03-07,32.25,32.94,32.16,32.65,427318.0,,,1.2403100775193687,601088.SH
2025-03-10,32.56,33.28,32.54,32.86,321060.0,,,0.6431852986217512,601088.SH
2025-03-11,32.84,33.21,32.56,33.19,311668.0,,,1.0042604990870396,601088.SH
2025-03-12,33.11,33.11,32.56,32.69,250216.0,,,-1.5064778547755342,601088.SH
2025-03-13,32.7,34.33,32.69,33.98,841553.0,,,3.946160905475682,601088.SH
2025-03-14,33.86,34.26,33.79,33.93,438879.0,,,-0.1471453796350719,601088.SH
2025-03-17,33.92,34.22,33.76,33.79,287856.0,,,-0.41261420571765406,601088.SH
2025-03-18,33.74,33.74,33.35,33.44,241270.0,,,-1.0358094110683669,601088.SH
2025-03-19,33.44,33.67,33.28,33.44,208821.0,,,0.0,601088.SH
2025-03-20,33.54,33.91,33.46,33.51,228590.0,,,0.2093301435406758,601088.SH
2025-03-21,33.38,33.91,33.38,33.38,292942.0,,,-0.3879438973440674,601088.SH
2025-03-24,33.66,34.24,33.43,33.88,416657.0,,,1.497902935889761,601088.SH
2025-03-25,33.88,34.86,33.73,34.51,582797.0,,,1.8595041322313932,601088.SH
2025-03-26,34.52,34.89,34.21,34.79,368485.0,,,0.8113590263691739,601088.SH
2025-03-27,34.7,35.03,34.55,34.74,232027.0,,,-0.1437194596148217,601088.SH
2025-03-28,34.65,34.75,34.36,34.59,189156.0,,,-0.43177892918825345,601088.SH
2025-03-31,34.48,35.13,34.4,35.11,355103.0,,,1.5033246603064265,601088.SH
2025-04-01,35.05,35.52,35.01,35.41,235040.0,,,0.854457419538579,601088.SH
2025-04-02,35.5,35.5,35.07,35.41,194211.0,,,0.0,601088.SH
2025-04-03,34.98,35.79,34.97,35.72,246859.0,,,0.8754589099124521,601088.SH
2025-04-07,34.78,35.24,33.56,34.1,713661.0,,,-4.535274356103014,601088.SH
2025-04-08,34.51,35.94,34.14,35.94,641167.0,,,5.395894428152492,601088.SH
2025-04-09,35.63,36.43,35.16,36.22,635886.0,,,0.7790762381747474,601088.SH
2025-04-10,35.99,35.99,34.8,35.75,471852.0,,,-1.2976256212037462,601088.SH
2025-04-11,35.64,35.65,34.57,34.78,385928.0,,,-2.713286713286711,601088.SH
2025-04-14,34.74,35.47,34.42,35.36,323444.0,,,1.6676250718803853,601088.SH
2025-04-15,35.1,35.62,35.09,35.36,245793.0,,,0.0,601088.SH
2025-04-16,35.35,36.22,35.06,36.22,419014.0,,,2.4321266968325705,601088.SH
2025-04-17,36.07,36.07,35.64,36.04,190058.0,,,-0.4969630038652695,601088.SH
2025-04-18,35.8,36.27,35.59,35.96,220231.0,,,-0.221975582685896,601088.SH
2025-04-21,35.9,36.19,35.52,35.68,204960.0,,,-0.7786429365962189,601088.SH
2025-04-22,35.55,35.87,35.4,35.4,172892.0,,,-0.7847533632287074,601088.SH
2025-04-23,35.37,35.52,35.16,35.3,186066.0,,,-0.28248587570621764,601088.SH
2025-04-24,35.26,35.78,35.21,35.7,236946.0,,,1.1331444759207,601088.SH
2025-04-25,35.57,35.61,35.16,35.44,247435.0,,,-0.7282913165266303,601088.SH
2025-04-28,34.72,35.09,33.85,34.76,464877.0,,,-1.9187358916478603,601088.SH
2025-04-29,34.61,35.04,34.5,35.03,211368.0,,,0.7767548906789434,601088.SH
2025-04-30,34.96,35.34,34.51,35.06,222598.0,,,0.08564087924636254,601088.SH
2025-05-06,35.26,35.26,34.67,35.11,212633.0,,,0.14261266400454886,601088.SH
2025-05-07,36.11,36.11,34.96,35.54,227501.0,,,1.2247223013386543,601088.SH
2025-05-08,35.24,35.65,35.17,35.31,161938.0,,,-0.6471581316826014,601088.SH
2025-05-09,35.25,35.86,35.24,35.6,225716.0,,,0.8212970829793331,601088.SH
2025-05-12,35.61,35.65,35.18,35.32,278268.0,,,-0.786516853932584,601088.SH
2025-05-13,35.38,36.02,35.14,35.81,288845.0,,,1.3873159682899372,601088.SH
2025-05-14,35.86,36.21,35.72,36.04,205271.0,,,0.6422786931024715,601088.SH
2025-05-15,36.11,36.83,36.1,36.82,340840.0,,,2.164261931187572,601088.SH
2025-05-16,36.71,36.95,36.07,36.22,251467.0,,,-1.629549158066268,601088.SH
2025-05-19,36.22,36.64,35.93,35.94,175074.0,,,-0.7730535615681933,601088.SH
2025-05-20,35.98,36.21,35.79,35.91,146983.0,,,-0.08347245409014992,601088.SH
2025-05-21,35.99,37.16,35.98,36.86,331941.0,,,2.645502645502651,601088.SH
2025-05-22,36.72,37.31,36.66,37.16,194927.0,,,0.8138903960933197,601088.SH
2025-05-23,37.04,37.29,36.29,36.46,229595.0,,,-1.8837459634014952,601088.SH
2025-05-26,36.46,36.8,36.2,36.39,184960.0,,,-0.19199122325836981,601088.SH
2025-05-27,36.47,36.81,36.28,36.28,166516.0,,,-0.3022808463863713,601088.SH
2025-05-28,36.29,36.89,36.06,36.57,148282.0,,,0.7993384785005553,601088.SH
2025-05-29,36.58,36.73,36.39,36.55,158213.0,,,-0.05468963631393153,601088.SH
2025-05-30,36.54,36.99,36.32,36.32,166103.0,,,-0.6292749658002639,601088.SH
2025-06-03,36.0,36.26,35.67,35.93,279804.0,,,-1.0737885462555052,601088.SH
2025-06-04,36.0,36.08,35.67,36.05,215021.0,,,0.33398274422486995,601088.SH
2025-06-05,36.09,36.73,36.0,36.06,185654.0,,,0.027739251040226343,601088.SH
2025-06-06,36.07,36.43,35.88,36.3,211295.0,,,0.6655574043261003,601088.SH
2025-06-09,36.26,36.47,36.01,36.26,182015.0,,,-0.11019283746556141,601088.SH
2025-06-10,36.36,36.5,36.16,36.41,227565.0,,,0.4136789851075573,601088.SH
2025-06-11,36.35,36.69,36.31,36.46,208016.0,,,0.13732491073881192,601088.SH
2025-06-12,36.51,36.69,35.74,35.78,327840.0,,,-1.8650575973669814,601088.SH
2025-06-13,35.98,36.13,35.73,36.02,277292.0,,,0.6707657909446718,601088.SH
2025-06-16,36.01,36.01,35.47,35.8,236710.0,,,-0.6107717934481061,601088.SH
2025-06-17,35.8,36.33,35.52,36.26,250436.0,,,1.2849162011173254,601088.SH
2025-06-18,36.29,36.51,35.91,35.98,183772.0,,,-0.7722007722007707,601088.SH
2025-06-19,35.85,36.22,35.49,36.15,291212.0,,,0.47248471372984824,601088.SH
2025-06-20,36.14,36.43,36.01,36.2,209680.0,,,0.13831258644538824,601088.SH
2025-06-23,36.25,36.74,35.96,36.61,212871.0,,,1.132596685082854,601088.SH
2025-06-24,36.56,36.77,36.44,36.61,244854.0,,,0.0,601088.SH
2025-06-25,36.62,36.96,36.39,36.91,216169.0,,,0.8194482381862711,601088.SH
2025-06-26,36.91,37.06,36.6,36.8,245629.0,,,-0.29802221620156555,601088.SH
2025-06-27,36.74,36.94,36.55,36.69,243658.0,,,-0.298913043478255,601088.SH
2025-06-30,36.69,37.47,36.65,37.3,292145.0,,,1.6625783592259413,601088.SH
2025-07-01,37.31,37.81,37.06,37.7,200369.0,,,1.0723860589812562,601088.SH
2025-07-02,37.7,38.31,37.57,38.3,223335.0,,,1.591511936339507,601088.SH
2025-07-03,38.45,38.46,37.09,37.16,286023.0,,,-2.976501305483026,601088.SH
2025-07-04,37.16,37.94,37.16,37.81,302941.0,,,1.7491926803014257,601088.SH
2025-07-07,37.81,37.81,36.59,36.72,461567.0,,,-2.88283522877546,601088.SH
2025-07-08,36.77,36.87,36.52,36.74,201887.0,,,0.05446623093683378,601088.SH
2025-07-09,36.74,36.95,36.52,36.52,209201.0,,,-0.5988023952095745,601088.SH
2025-07-10,36.66,36.75,36.43,36.48,235447.0,,,-0.10952902519169028,601088.SH
2025-07-11,36.48,36.79,35.82,35.82,433798.0,,,-1.8092105263157854,601088.SH
2025-07-14,36.08,37.0,36.08,36.44,514914.0,,,1.7308766052484659,601088.SH
2025-07-15,36.49,36.96,36.27,36.49,262273.0,,,0.13721185510429112,601088.SH
2025-07-16,36.5,36.57,36.22,36.3,151482.0,,,-0.5206906001644418,601088.SH
2025-07-17,36.29,36.36,35.99,36.15,172185.0,,,-0.4132231404958664,601088.SH
2025-07-18,36.26,36.6,36.25,36.42,207788.0,,,0.7468879668049988,601088.SH
2025-07-21,36.53,36.86,36.39,36.79,257130.0,,,1.0159253157605574,601088.SH
2025-07-22,36.79,39.01,36.6,38.5,745186.0,,,4.64800217450394,601088.SH
2025-07-23,38.7,39.2,37.73,37.84,509400.0,,,-1.7142857142857015,601088.SH
2025-07-24,37.85,38.2,37.36,37.84,391504.0,,,0.0,601088.SH
2025-07-25,37.84,37.93,37.38,37.45,234304.0,,,-1.0306553911205052,601088.SH
2025-07-28,37.25,37.26,36.76,36.82,295034.0,,,-1.6822429906542147,601088.SH
2025-07-29,36.72,36.99,36.7,36.84,178729.0,,,0.05431830526887449,601088.SH
2025-07-30,37.03,37.92,36.9,37.52,329797.0,,,1.8458197611292082,601088.SH
2025-07-31,37.3,37.32,36.62,37.18,351497.0,,,-0.9061833688699505,601088.SH
2025-08-01,37.19,37.44,36.56,36.58,244398.0,,,-1.6137708445400745,601088.SH
2025-08-18,40.34,40.34,38.03,38.25,1265353.0,,,4.565336249316565,601088.SH
2025-08-19,38.17,38.25,37.28,37.29,694509.0,,,-2.509803921568632,601088.SH
2025-08-20,37.2,37.66,37.04,37.65,421035.0,,,0.9654062751407899,601088.SH
2025-08-21,37.62,37.62,37.26,37.46,318277.0,,,-0.504648074369185,601088.SH
2025-08-22,37.46,37.52,37.17,37.52,346032.0,,,0.16017084890549427,601088.SH
2025-08-25,37.59,38.21,37.59,38.12,419225.0,,,1.5991471215351716,601088.SH
2025-08-26,38.15,38.21,37.83,37.85,275362.0,,,-0.7082896117523552,601088.SH
2025-08-27,37.79,37.79,37.23,37.25,313917.0,,,-1.5852047556142668,601088.SH
2025-08-28,37.13,37.18,36.65,36.92,303219.0,,,-0.8859060402684471,601088.SH
2025-08-29,36.92,37.32,36.48,36.49,510555.0,,,-1.164680390032502,601088.SH
2025-09-01,36.62,37.4,36.49,36.92,469625.0,,,1.1784050424773929,601088.SH
2025-09-02,36.92,37.37,36.68,37.18,425727.0,,,0.7042253521126751,601088.SH
2025-09-03,37.19,37.27,36.63,36.8,281242.0,,,-1.0220548682087216,601088.SH
2025-09-04,36.7,37.4,36.26,37.19,477476.0,,,1.0597826086956585,601088.SH
2025-09-05,37.02,37.26,36.81,37.18,254571.0,,,-0.026888948642100896,601088.SH
2025-09-08,37.18,37.32,36.9,37.07,312085.0,,,-0.295857988165682,601088.SH
2025-09-09,37.17,37.29,36.95,37.16,221530.0,,,0.24278392230914214,601088.SH
2025-09-10,37.12,37.57,36.96,37.19,295492.0,,,0.08073196986007058,601088.SH
2025-09-11,37.22,37.34,37.05,37.3,280992.0,,,0.2957784350631876,601088.SH
2025-09-12,37.34,37.44,36.67,36.78,447319.0,,,-1.3941018766755908,601088.SH
2025-09-15,36.77,37.26,36.7,37.21,336996.0,,,1.1691136487221199,601088.SH
2025-09-16,37.32,37.8,37.32,37.43,427233.0,,,0.5912389142703534,601088.SH
2025-09-17,37.35,38.15,37.32,38.0,459279.0,,,1.522842639593902,601088.SH
2025-09-18,37.97,37.99,37.14,37.3,345893.0,,,-1.8421052631579005,601088.SH
2025-09-19,37.29,37.87,37.13,37.62,350244.0,,,0.857908847184996,601088.SH
2025-09-22,37.75,38.0,37.32,37.53,271093.0,,,-0.23923444976076125,601088.SH
2025-09-23,37.38,37.98,37.19,37.88,330174.0,,,0.9325872635225219,601088.SH
2025-09-24,37.75,38.18,37.67,37.97,285006.0,,,0.23759239704328472,601088.SH
2025-09-25,37.95,37.95,37.47,37.74,198185.0,,,-0.6057413747695417,601088.SH
2025-09-26,37.82,37.93,37.54,37.78,215392.0,,,0.10598834128245915,601088.SH
2025-09-29,37.6,37.77,37.02,37.37,320278.0,,,-1.0852302805717362,601088.SH
2025-09-30,37.35,37.62,37.05,37.52,238863.0,,,0.40139149050042455,601088.SH
2025-10-09,37.3,38.48,37.29,38.46,433829.0,,,2.505330490405111,601088.SH
2025-10-10,38.45,39.06,38.02,38.79,392610.0,,,0.8580343213728581,601088.SH
2025-10-13,38.48,39.22,38.14,38.97,441117.0,,,0.46403712296982924,601088.SH
2025-10-14,38.92,39.9,38.7,39.67,475246.0,,,1.7962535283551517,601088.SH
2025-10-15,39.66,40.14,39.36,39.88,379537.0,,,0.5293672800604998,601088.SH
2025-10-16,39.77,41.13,39.62,41.03,485243.0,,,2.883650952858563,601088.SH
2025-10-17,40.99,41.68,40.67,40.92,454770.0,,,-0.2680965147453085,601088.SH
2025-10-20,40.81,41.47,40.6,41.25,379734.0,,,0.8064516129032251,601088.SH
2025-10-21,41.25,41.25,40.07,40.82,457363.0,,,-1.0424242424242447,601088.SH
2025-10-22,40.82,41.21,40.65,41.16,274130.0,,,0.832925036746679,601088.SH
2025-10-23,41.0,41.62,41.0,41.24,257633.0,,,0.19436345966958868,601088.SH
2025-10-24,41.31,41.72,41.03,41.52,274323.0,,,0.678952473326877,601088.SH
2025-10-27,41.02,41.94,40.15,41.71,345299.0,,,0.45761078998072247,601088.SH
2025-10-28,41.71,42.09,41.42,41.61,214642.0,,,-0.2397506593143195,601088.SH
2025-10-29,41.5,41.52,40.97,41.16,219040.0,,,-1.0814708002883977,601088.SH
2025-10-30,41.33,42.83,41.22,42.06,385781.0,,,2.186588921282806,601088.SH
2025-10-31,42.27,42.48,41.28,41.53,227773.0,,,-1.2601046124583903,601088.SH
2025-11-03,41.82,42.97,41.68,42.44,277292.0,,,2.191187093667213,601088.SH
2025-11-04,42.52,42.97,42.35,42.54,228244.0,,,0.23562676720074727,601088.SH
2025-11-05,42.42,43.09,42.4,42.6,245746.0,,,0.14104372355430161,601088.SH
2025-11-06,42.6,43.41,42.4,43.01,284128.0,,,0.9624413145539856,601088.SH
2025-11-07,42.98,43.14,42.48,42.75,231890.0,,,-0.6045105789351246,601088.SH
2025-11-10,42.9,43.49,42.51,43.15,221563.0,,,0.9356725146198785,601088.SH
2025-11-11,43.13,43.21,42.36,42.8,209937.0,,,-0.8111239860950192,601088.SH
2025-11-12,42.76,43.25,42.6,42.6,198412.0,,,-0.4672897196261627,601088.SH
2025-11-13,42.69,42.85,42.02,42.62,217782.0,,,0.04694835680749687,601088.SH
2025-11-14,42.76,43.06,42.05,42.09,168367.0,,,-1.2435476302205428,601088.SH
2025-11-17,42.06,42.74,41.52,42.4,231337.0,,,0.7365169874079314,601088.SH
2025-11-18,42.24,42.58,41.85,41.91,176418.0,,,-1.1556603773584917,601088.SH
2025-11-19,41.85,42.76,41.66,42.52,176676.0,,,1.4554998806967534,601088.SH
2025-11-20,42.31,42.81,41.91,42.0,140730.0,,,-1.2229539040451654,601088.SH
2025-11-21,42.5,42.55,41.59,42.07,279435.0,,,0.16666666666667052,601088.SH
2025-11-24,42.28,42.34,41.12,41.2,292889.0,,,-2.0679819348704442,601088.SH
2025-11-25,41.5,41.55,40.95,41.2,214540.0,,,0.0,601088.SH
2025-11-26,41.21,41.49,40.99,41.0,166049.0,,,-0.4854368932038944,601088.SH
2025-11-27,41.01,41.45,40.79,41.45,140562.0,,,1.097560975609757,601088.SH
2025-11-28,41.28,41.39,41.1,41.14,141934.0,,,-0.7478890229191903,601088.SH
2025-12-01,41.14,41.37,40.9,41.34,175652.0,,,0.4861448711716232,601088.SH
2025-12-02,41.4,41.75,41.04,41.6,194337.0,,,0.6289308176100628,601088.SH
2025-12-03,41.48,41.92,41.3,41.64,167481.0,,,0.09615384615384581,601088.SH
2025-12-04,41.6,42.22,41.51,41.75,167043.0,,,0.2641690682036568,601088.SH
2025-12-05,41.6,41.75,41.31,41.53,139097.0,,,-0.5269461077844317,601088.SH
2025-12-08,41.49,41.49,40.58,40.9,237398.0,,,-1.5169756802311696,601088.SH
2025-12-09,41.0,41.13,40.4,40.48,162385.0,,,-1.0268948655256738,601088.SH
2025-12-10,40.47,40.47,40.02,40.18,168461.0,,,-0.7411067193675791,601088.SH
2025-12-11,40.47,40.67,40.04,40.31,173344.0,,,0.32354405176704404,601088.SH
2025-12-12,40.17,40.29,39.83,40.0,262758.0,,,-0.7690399404614245,601088.SH
2025-12-15,40.0,40.26,39.89,39.91,170979.0,,,-0.22500000000000853,601088.SH
2025-12-16,39.9,40.21,39.52,40.17,230113.0,,,0.6514657980456251,601088.SH
2025-12-17,40.16,40.25,39.94,40.0,203129.0,,,-0.42320139407519,601088.SH
2025-12-18,40.2,40.93,40.0,40.83,203516.0,,,2.0750000000000046,601088.SH
2025-12-19,40.68,40.86,40.43,40.59,161984.0,,,-0.5878030859661876,601088.SH
2025-12-22,41.18,41.25,40.03,40.88,402006.0,,,0.7144616900714551,601088.SH
2025-12-23,40.87,41.46,40.84,41.15,228690.0,,,0.6604696673189636,601088.SH
2025-12-24,41.1,41.13,40.12,40.25,259818.0,,,-2.1871202916160404,601088.SH
2025-12-25,40.25,40.35,40.01,40.13,132088.0,,,-0.29813664596272105,601088.SH
2025-12-26,40.05,40.25,40.01,40.07,165969.0,,,-0.14951407924246318,601088.SH
2025-12-29,40.07,40.65,40.01,40.2,240738.0,,,0.3244322435737468,601088.SH
2025-12-30,40.21,40.49,40.0,40.45,237468.0,,,0.6218905472636926,601088.SH
2025-12-31,40.35,40.55,40.16,40.5,194531.0,,,0.12360939431395046,601088.SH
2026-01-05,40.51,40.75,40.22,40.26,283836.0,,,-0.5925925925926001,601088.SH
2026-01-06,40.3,41.02,40.07,40.78,367008.0,,,1.2916045702930923,601088.SH
2026-01-07,41.0,41.32,40.24,41.26,414322.0,,,1.1770475723393847,601088.SH
2026-01-08,41.26,41.66,41.16,41.45,344926.0,,,0.4604944255938159,601088.SH
2026-01-09,41.4,42.55,41.22,42.45,368140.0,,,2.4125452352231624,601088.SH
2026-01-12,42.45,42.55,41.68,41.86,260950.0,,,-1.3898704358068392,601088.SH
2026-01-13,41.94,42.33,41.7,41.9,222889.0,,,0.0955566172957445,601088.SH
2026-01-14,42.0,42.0,41.38,41.74,273423.0,,,-0.3818615751789878,601088.SH
2026-01-15,41.6,42.1,41.48,41.56,232559.0,,,-0.4312410158121671,601088.SH
2026-01-16,41.58,42.0,40.66,41.0,303871.0,,,-1.347449470644857,601088.SH
2026-01-19,40.66,41.3,40.51,40.7,227742.0,,,-0.7317073170731603,601088.SH
2026-01-20,40.73,40.99,40.51,40.85,198199.0,,,0.3685503685503688,601088.SH
2026-01-21,40.98,40.98,40.0,40.08,320677.0,,,-1.8849449204406454,601088.SH
2026-01-22,40.1,40.85,40.0,40.65,317150.0,,,1.4221556886227615,601088.SH
2026-01-23,40.79,40.8,39.86,40.0,337432.0,,,-1.5990159901599021,601088.SH
2026-01-26,40.0,42.2,39.8,41.65,685746.0,,,4.125000000000001,601088.SH
2026-01-27,41.66,42.17,40.51,40.65,374792.0,,,-2.400960384153661,601088.SH
2026-01-28,40.8,41.84,40.36,41.18,651930.0,,,1.3038130381303858,601088.SH
2026-01-29,41.3,41.64,40.52,41.38,444644.0,,,0.48567265662944337,601088.SH
2026-01-30,41.37,42.46,41.18,41.93,442671.0,,,1.329144514258096,601088.SH
2026-02-02,41.65,41.65,40.02,40.21,438352.0,,,-4.102074886715956,601088.SH
2026-02-03,40.25,40.48,39.52,39.6,388603.0,,,-1.5170355632927124,601088.SH
2026-02-04,39.65,42.6,39.65,42.42,882483.0,,,7.121212121212128,601088.SH
2026-02-05,41.9,42.35,41.18,41.86,361014.0,,,-1.320132013201325,601088.SH
2026-02-06,41.43,42.19,41.05,41.67,251804.0,,,-0.4538939321547919,601088.SH
2026-02-09,41.87,42.44,41.58,42.21,241415.0,,,1.2958963282937441,601088.SH
2026-02-10,42.21,42.6,42.02,42.48,213252.0,,,0.6396588486140553,601088.SH
2026-02-11,42.67,42.98,42.13,42.86,190880.0,,,0.8945386064030281,601088.SH
2026-02-12,42.85,43.07,42.4,42.56,224671.0,,,-0.6999533364442256,601088.SH
2026-02-13,42.56,42.58,41.11,41.45,314720.0,,,-2.608082706766912,601088.SH
2026-02-24,41.73,42.69,41.73,42.52,255000.0,,,2.581423401688787,601088.SH
2026-02-25,42.53,42.8,42.05,42.18,228811.0,,,-0.7996237064910705,601088.SH
2026-02-26,42.18,42.77,41.74,41.83,171434.0,,,-0.8297771455666236,601088.SH
2026-02-27,41.9,42.45,41.68,42.26,207992.0,,,1.027970356203678,601088.SH
2026-03-02,43.09,44.88,42.46,44.73,801407.0,,,5.84477046852816,601088.SH
2026-03-03,44.7,46.61,43.95,45.81,852497.0,,,2.414486921529191,601088.SH
2026-03-04,45.0,46.31,43.66,46.11,708649.0,,,0.6548788474132206,601088.SH
2026-03-05,45.65,46.3,44.6,45.88,512237.0,,,-0.49880720017349,601088.SH
2026-03-06,45.6,46.2,45.0,45.83,310826.0,,,-0.10897994768963581,601088.SH
2026-03-09,47.5,49.59,47.5,47.95,883473.0,,,4.625790966615773,601088.SH
2026-03-10,45.99,47.19,45.9,46.18,471321.0,,,-3.691345151199177,601088.SH
2026-03-11,45.8,48.06,45.51,47.83,434295.0,,,3.5729753139887466,601088.SH
2026-03-12,48.25,49.8,47.7,49.26,569225.0,,,2.9897553836504276,601088.SH
2026-03-13,49.41,49.68,48.43,48.92,395521.0,,,-0.6902151847340554,601088.SH
2026-03-16,49.11,49.33,47.9,48.49,319344.0,,,-0.8789860997546972,601088.SH
2026-03-17,48.01,48.65,47.21,47.74,375142.0,,,-1.5467106619921678,601088.SH
2026-03-18,47.74,48.3,46.72,47.48,321139.0,,,-0.5446166736489455,601088.SH
2026-03-19,48.0,49.9,47.65,49.47,558452.0,,,4.191238416175236,601088.SH
2026-03-20,48.61,49.78,48.31,49.55,437423.0,,,0.16171417020416357,601088.SH
2026-03-23,50.23,50.38,48.8,49.5,735948.0,,,-0.10090817356205317,601088.SH
2026-03-24,48.63,49.29,47.9,48.48,465628.0,,,-2.0606060606060628,601088.SH
2026-03-25,47.48,47.5,46.6,47.25,579111.0,,,-2.537128712871284,601088.SH
2026-03-26,47.13,47.98,47.05,47.69,359226.0,,,0.9312169312169161,601088.SH
2026-03-27,47.56,48.03,47.18,47.5,225465.0,,,-0.3984063745019917,601088.SH
2026-03-30,47.89,48.43,47.62,47.82,281265.0,,,0.6736842105263152,601088.SH
2026-03-31,47.73,48.19,46.6,46.75,391121.0,,,-2.23755750731911,601088.SH
2026-04-01,46.33,47.48,45.87,46.62,335887.0,,,-0.27807486631016287,601088.SH
2026-04-02,46.68,47.9,46.68,47.69,322374.0,,,2.295152295152292,601088.SH
2026-04-03,47.7,47.88,47.03,47.58,213241.0,,,-0.23065632208010278,601088.SH
2026-04-07,47.58,48.59,47.22,48.42,264360.0,,,1.7654476670870167,601088.SH
2026-04-08,47.45,47.49,46.13,46.76,502729.0,,,-3.4283353985956277,601088.SH
2026-04-09,46.8,47.3,46.58,46.79,222418.0,,,0.06415739948675281,601088.SH
2026-04-10,46.5,46.63,46.1,46.38,256774.0,,,-0.8762556101731045,601088.SH
2026-04-13,46.7,46.7,46.08,46.32,232870.0,,,-0.1293661060802087,601088.SH
2026-04-14,46.11,46.22,45.42,45.66,301577.0,,,-1.4248704663212486,601088.SH
2026-04-15,45.21,46.01,45.0,45.83,282062.0,,,0.3723171265878289,601088.SH
2026-04-16,45.82,46.07,45.35,45.53,275144.0,,,-0.6545930613135464,601088.SH
2026-04-17,45.55,45.69,45.33,45.55,214783.0,,,0.043927081045458394,601088.SH
2026-04-20,45.6,45.74,45.16,45.23,224465.0,,,-0.7025246981339217,601088.SH
2026-04-21,45.23,46.16,45.22,45.98,289871.0,,,1.6581914658412522,601088.SH
2026-04-22,45.98,46.8,45.8,45.87,356676.0,,,-0.23923444976076125,601088.SH
2026-04-23,45.88,47.25,45.45,46.98,419952.0,,,2.419882275997387,601088.SH
2026-04-24,46.99,47.55,46.66,47.19,345475.0,,,0.446998722860803,601088.SH
2026-04-27,46.5,47.17,46.32,46.78,266005.0,,,-0.8688281415554111,601088.SH
2026-04-28,46.76,48.3,46.57,48.15,408840.0,,,2.928601966652411,601088.SH
2026-04-29,48.16,48.7,47.77,47.98,338646.0,,,-0.3530633437175523,601088.SH
2026-04-30,48.1,48.18,47.52,48.0,305251.0,,,0.041684035014588616,601088.SH
2026-05-06,47.6,47.99,46.67,47.73,308231.0,,,-0.5625000000000102,601088.SH
2026-05-07,47.5,47.5,45.5,45.59,497080.0,,,-4.483553320762612,601088.SH
2026-05-08,45.53,45.89,45.13,45.18,285197.0,,,-0.8993200263215706,601088.SH
2026-05-11,45.18,45.38,44.75,45.17,308770.0,,,-0.02213368747232547,601088.SH
2026-05-12,45.17,45.38,44.94,45.2,242518.0,,,0.06641576267434335,601088.SH
2026-05-13,45.25,45.38,44.65,44.8,245975.0,,,-0.8849557522124019,601088.SH
2026-05-14,44.81,45.4,44.53,45.17,343917.0,,,0.8258928571428736,601088.SH
2026-05-15,45.16,45.9,44.77,45.7,406673.0,,,1.1733451405800288,601088.SH
2026-05-18,45.95,46.18,45.26,45.85,368307.0,,,0.3282275711159688,601088.SH
2026-05-19,45.85,46.6,45.57,46.07,359079.0,,,0.4798255179934596,601088.SH
2026-05-20,46.15,46.97,46.0,46.0,304957.0,,,-0.1519426958975445,601088.SH
2026-05-21,45.79,45.79,45.0,45.26,252644.0,,,-1.6086956521739193,601088.SH
2026-05-22,45.26,45.49,44.7,44.98,274673.0,,,-0.6186478126380957,601088.SH
2026-05-25,45.48,46.98,44.72,44.78,543124.0,,,-0.44464206313916677,601088.SH
2026-05-26,44.75,45.1,44.35,44.8,364563.0,,,0.04466279589101507,601088.SH
2026-05-27,44.85,46.23,44.24,46.1,397446.0,,,2.9017857142857206,601088.SH
2026-05-28,45.8,46.87,45.6,46.15,325109.0,,,0.10845986984815426,601088.SH
2026-05-29,46.01,47.89,45.9,46.92,584495.0,,,1.668472372697738,601088.SH
2026-06-01,47.0,49.01,47.0,49.0,576751.0,,,4.433077578857625,601088.SH
2026-06-02,48.7,50.16,47.7,48.24,566863.0,,,-1.5510204081632617,601088.SH
2026-06-03,47.78,49.18,47.66,48.85,412752.0,,,1.2645107794361454,601088.SH
2026-06-04,48.56,49.8,48.51,49.02,379687.0,,,0.34800409416582134,601088.SH
2026-06-05,48.75,49.8,48.52,48.52,358227.0,,,-1.0199918400652819,601088.SH
2026-06-08,48.57,51.18,48.33,50.76,552636.0,,,4.616652926628184,601088.SH
2026-06-09,49.5,50.3,48.56,48.98,383146.0,,,-3.506698187549251,601088.SH
2026-06-10,48.75,48.8,47.41,47.51,340919.0,,,-3.001224989791751,601088.SH
2026-06-11,47.9,48.33,47.04,47.29,281183.0,,,-0.4630604083350809,601088.SH
2026-06-12,46.99,47.0,45.8,46.14,946837.0,,,-2.4318037640092993,601088.SH
2026-06-15,45.6,45.6,43.11,43.39,898193.0,,,-5.960121369744254,601088.SH
2026-06-16,43.14,43.2,42.12,42.52,656871.0,,,-2.0050702926941666,601088.SH
2026-06-17,42.65,42.71,41.59,41.86,503545.0,,,-1.5522107243650107,601088.SH
2026-06-18,41.88,42.55,41.26,41.26,544116.0,,,-1.433349259436223,601088.SH
2026-06-22,41.2,41.78,40.8,41.51,715589.0,,,0.6059137178865637,601088.SH
2026-06-23,41.5,41.88,40.65,40.66,541233.0,,,-2.0476993495543327,601088.SH
2026-06-24,40.7,40.86,39.9,40.05,387443.0,,,-1.5002459419577008,601088.SH
2026-06-25,39.8,40.37,39.2,39.4,479018.0,,,-1.622971285892627,601088.SH
2026-06-26,39.43,39.75,38.86,39.57,435101.0,,,0.43147208121827596,601088.SH
